{"cameraMode":{"drawMode":0,"name":"Shaded","section":"Shading Mode"},"sceneLighting":false,"audioPlay":false,"sceneViewState":{"m_AlwaysRefresh":false,"showFog":true,"showSkybox":false,"showFlares":true,"showImageEffects":true,"showParticleSystems":true,"showVisualEffectGraphs":true,"m_FxEnabled":true},"in2DMode":false,"pivot":{"x":6.467418670654297,"y":0.014406979084014893,"z":-3.7295432090759279},"rotation":{"x":0.04099339246749878,"y":-0.9587937593460083,"z":0.20887459814548493,"w":0.18817196786403657},"size":2.5068094730377199,"orthographic":false}